channel,m1,c1,m2,c2,sideslip,vw,middle_alpha
C_L,0.002869738769034161,0.21172177852224153,0.0036296901457896257,0.2090619487035974,-20.0,5.0,3.5
C_D,0.0002596343056298464,0.8777633928603181,0.002617797320624844,0.8695098223078356,-20.0,5.0,3.5
C_S,-0.000300803241123361,0.38402762276424474,0.0016575881154270418,0.3771732530163183,-20.0,5.0,3.5
C_roll,0.006006607423329271,0.22173331501427285,0.011642412416114882,0.20200799753952323,-20.0,5.0,3.5
C_pitch,-0.028054475708104137,-1.2865152706705958,-0.035217958325452305,-1.2614430815098772,-20.0,5.0,3.5
C_yaw,0.005442859412656446,1.3709240351726644,0.007815102710465113,1.362621183630334,-20.0,5.0,3.5
C_L,0.0011514035847091579,0.21335801509644514,0.001903229605824394,0.2107266240225418,-20.0,10.0,3.5
C_D,0.00039661785459853754,0.8810647860876148,0.0015704055526109015,0.8769565291445716,-20.0,10.0,3.5
C_S,0.0010334749475817838,0.28181817595375397,-0.0003726061364173871,0.28673945974775106,-20.0,10.0,3.5
C_roll,0.007614591044959068,0.028952112018484362,0.004887168326500846,0.03849809153308814,-20.0,10.0,3.5
C_pitch,-0.02445225568992753,-1.2834857653483458,-0.029102213596003092,-1.2672109126770814,-20.0,10.0,3.5
C_yaw,0.007359690666071355,1.1528487974893804,0.00244506341137356,1.1700499928808228,-20.0,10.0,3.5
C_L,0.0005527500129331311,0.21063745939960105,0.0012982473255553218,0.20802821880542338,-20.0,15.0,3.5
C_D,0.000489889460679503,0.8799572255422556,0.0009466786201344321,0.8783584634841635,-20.0,15.0,3.5
C_S,0.0005034051031256111,0.2575778813602557,-0.0007329688214488743,0.26190519009626645,-20.0,15.0,3.5
C_roll,0.0064776776668508595,-0.006666767662924008,0.004146404576715484,0.0014926881525498068,-20.0,15.0,3.5
C_pitch,-0.023734808997938863,-1.2771411117104907,-0.026213600334082876,-1.2684653420339866,-20.0,15.0,3.5
C_yaw,0.006291503382768316,1.102443935862574,0.0011685688528035043,1.120374206717451,-20.0,15.0,3.5
C_L,0.0007126088532874842,0.2022449217787124,0.0009404785337267982,0.2014473778971748,-20.0,20.0,3.5
C_D,0.00014933548660807486,0.8624346693801846,0.0013457184249801636,0.8582473290958823,-20.0,20.0,3.5
C_S,-3.7555476054831754e-05,0.247734761928691,1.984517173606005e-05,0.2475338596614229,-20.0,20.0,3.5
C_roll,0.004795349541564774,-0.018392537111371506,0.00579560262389909,-0.021893422899541614,-20.0,20.0,3.5
C_pitch,-0.022621791699757927,-1.2281663056292034,-0.024768243663543604,-1.2206537237559536,-20.0,20.0,3.5
C_yaw,0.005147035004144033,1.0686690885372778,0.002635182401535244,1.0774605726464086,-20.0,20.0,3.5
C_L,0.0008382776823753899,0.19454957920531343,0.0007769808467964314,0.1947641181298398,-20.0,25.0,3.5
C_D,0.0004834166414956188,0.8630939534046903,0.0011667254598125975,0.8607023725405809,-20.0,25.0,3.5
C_S,0.00011066110057485245,0.2497013505029014,-0.00012200848893745641,0.2505156940661945,-20.0,25.0,3.5
C_roll,0.005382234250728356,-0.010122334278163447,0.00548932734040177,-0.010497160092020393,-20.0,25.0,3.5
C_pitch,-0.023780485779273386,-1.2068558212767595,-0.024379661936972413,-1.204758704724813,-20.0,25.0,3.5
C_yaw,0.005542090728688208,1.0708260975168444,0.0022790153790192575,1.0822468612406857,-20.0,25.0,3.5
C_L,0.0032942367429039457,0.2148567254181499,0.0025188407772985277,0.21757061129776886,-14.0,5.0,3.5
C_D,0.0008238208964218015,0.775496745910173,0.0019147502148230216,0.7716784932957688,-14.0,5.0,3.5
C_S,0.00037260355145823416,0.2411931249259384,0.0011960299810320368,0.23831113242243007,-14.0,5.0,3.5
C_roll,0.003585922181357291,0.1164160777809527,0.008117657899650526,0.10055500276692637,-14.0,5.0,3.5
C_pitch,-0.027496283589054184,-1.2219048219138648,-0.028402282160865364,-1.2187338269125259,-14.0,5.0,3.5
C_yaw,0.004905166579091447,0.9221117288053705,0.00506163999981467,0.9215640718328392,-14.0,5.0,3.5
C_L,0.0008924298344315962,0.204192078808797,0.0020720764047819132,0.2000633158125709,-14.0,10.0,3.5
C_D,0.00020874746240667346,0.7765059910151955,0.001571388308141468,0.7717367480551237,-14.0,10.0,3.5
C_S,-6.542949499526366e-05,0.16636211750347252,0.0009001617352575778,0.16298254819758756,-14.0,10.0,3.5
C_roll,0.0030551850680925184,-0.018416554014080315,0.0047227164816878026,-0.02425291396166381,-14.0,10.0,3.5
C_pitch,-0.021453345446111705,-1.1862950110498682,-0.026935589349384555,-1.1671071573884133,-14.0,10.0,3.5
C_yaw,0.003239747514386264,0.7565466873358637,0.0038318183778382592,0.7544744393137817,-14.0,10.0,3.5
C_L,0.00045560414834635817,0.20182977402949506,0.001571844051605993,0.19792293436808633,-14.0,15.0,3.5
C_D,-0.00041542168104343277,0.7694439024323444,0.0013311768623090988,0.7633308075306106,-14.0,15.0,3.5
C_S,0.0004822096091417246,0.15143014871217117,0.0003771446802374496,0.15179787596333613,-14.0,15.0,3.5
C_roll,0.0038837278341355913,-0.04166024329422307,0.0037372898887948155,-0.041147710485530356,-14.0,15.0,3.5
C_pitch,-0.019663134629267817,-1.1708217897466642,-0.024566328162961053,-1.1536606123787378,-14.0,15.0,3.5
C_yaw,0.0037912877217058873,0.718462855882198,0.0024989059453055787,0.7229861920995991,-14.0,15.0,3.5
C_L,0.0006681994888454135,0.19781052311049055,0.000739932949074392,0.19755945599968913,-14.0,20.0,3.5
C_D,-0.00020167307091562006,0.7612617571586028,0.0009061802581821338,0.7573842705067606,-14.0,20.0,3.5
C_S,0.00025430478374904305,0.15078620415555175,0.00032864292927834257,0.1505260206461992,-14.0,20.0,3.5
C_roll,0.003345455910535342,-0.04042427257584459,0.004163814725158496,-0.04328852842702563,-14.0,20.0,3.5
C_pitch,-0.020381644526346672,-1.142610042595807,-0.02147051375369437,-1.13879900030009,-14.0,20.0,3.5
C_yaw,0.0035596302689192482,0.7110511938126048,0.0020321687993797716,0.716397308955993,-14.0,20.0,3.5
C_L,0.0009539433853822958,0.19805925114684916,0.000818570211526551,0.19853305725534426,-14.0,25.0,3.5
C_D,0.0009663658977506424,0.7671666633237919,0.00034723748725649445,0.7693336127605214,-14.0,25.0,3.5
C_S,0.0005065556438100464,0.14779337125258812,0.0002700736630453105,0.14862105818526472,-14.0,25.0,3.5
C_roll,0.003450943437446195,-0.04207767227100878,0.00399722259975051,-0.043989649339073886,-14.0,25.0,3.5
C_pitch,-0.022384646184351917,-1.1516047547718156,-0.02123738332845224,-1.1556201747674644,-14.0,25.0,3.5
C_yaw,0.004770901287857808,0.7091030846167884,0.001533603167411805,0.7204336280383494,-14.0,25.0,3.5
C_L,0.0027504429173684673,0.20472905126040675,0.0033836468069065317,0.20251283764702355,-12.0,5.0,3.5
C_D,-0.00045240816813996594,0.74034337849603,0.0027844013804490956,0.7290145450759683,-12.0,5.0,3.5
C_S,0.00033962262979543594,0.18535549401361007,0.0013954314735011492,0.1816601630606401,-12.0,5.0,3.5
C_roll,0.0029058784784331618,0.08059786653922094,0.006340675678696423,0.06857607633829953,-12.0,5.0,3.5
C_pitch,-0.02390941891021064,-1.168118031263165,-0.03162507808695129,-1.1411132241445727,-12.0,5.0,3.5
C_yaw,0.002964531142457338,0.7572892869821237,0.005562544211730182,0.7481962412396688,-12.0,5.0,3.5
C_L,0.0018608733232827323,0.20970587052013673,0.0012808413991659533,0.21173598225454546,-12.0,10.0,3.5
C_D,0.00018300001020550932,0.7462943849110202,0.00106517483727706,0.7432067730162697,-12.0,10.0,3.5
C_S,0.00022071570424713133,0.12531047422909014,0.0009156716967145822,0.12287812825545408,-12.0,10.0,3.5
C_roll,0.0020486754009001,-0.03956028071848705,0.0044373294513523715,-0.04792056989507,-12.0,10.0,3.5
C_pitch,-0.02338183021084499,-1.1887374638858665,-0.02275517989525282,-1.1909307399904392,-12.0,10.0,3.5
C_yaw,0.0029603011336319547,0.6283699407650155,0.0032026898390652234,0.627521580295999,-12.0,10.0,3.5
C_L,0.0007227405904166219,0.19920859437104144,0.0014950978981345226,0.1965053437940288,-12.0,15.0,3.5
C_D,-0.00014471360550420177,0.7405909142141958,0.0012690906214418097,0.7356425994198847,-12.0,15.0,3.5
C_S,0.00029363409049947426,0.11121853486415234,0.0008302503153541547,0.10934037807716096,-12.0,15.0,3.5
C_roll,0.002540210356423682,-0.05966183952509988,0.003698958466044587,-0.06371745790877305,-12.0,15.0,3.5
C_pitch,-0.02016431611973153,-1.1502140572598334,-0.0236258458587055,-1.1380987031734244,-12.0,15.0,3.5
C_yaw,0.002771727723577442,0.5927170672961686,0.0031492295094496916,0.5913958110456157,-12.0,15.0,3.5
C_L,0.0006621747441544017,0.19476917037985328,0.000949392979567919,0.19376390655590597,-12.0,20.0,3.5
C_D,-0.0004271780796675375,0.7320872412080875,0.001013451182452408,0.7270450387906677,-12.0,20.0,3.5
C_S,0.0001807774800188927,0.11002167157841197,0.0006559347517968092,0.10835862112718928,-12.0,20.0,3.5
C_roll,0.002684052040368058,-0.0526804093834372,0.0034133488711659203,-0.05523294829122972,-12.0,20.0,3.5
C_pitch,-0.019834199438654682,-1.1244525033494581,-0.021147478085340638,-1.1198560280860574,-12.0,20.0,3.5
C_yaw,0.0025830193652397835,0.5840848638825756,0.002565941504237839,0.5841446363960825,-12.0,20.0,3.5
C_L,0.0005983120150420328,0.19032036624664256,0.0010983520925966278,0.18857022597520148,-12.0,25.0,3.5
C_D,0.00017517782727547015,0.7270922479136669,0.0014560402929040248,0.722609229283967,-12.0,25.0,3.5
C_S,0.00041280618799890116,0.11104139612519424,0.00027212148483284364,0.11153379258627545,-12.0,25.0,3.5
C_roll,0.0031192921764388493,-0.04505352176965937,0.0026034556993962342,-0.043248094100010216,-12.0,25.0,3.5
C_pitch,-0.020016707201024702,-1.1055437986367176,-0.022458206070953998,-1.096998552591965,-12.0,25.0,3.5
C_yaw,0.003243320046530007,0.5849848168832588,0.002065676668378005,0.5891065687067908,-12.0,25.0,3.5
C_L,0.003796444850331723,0.2102509932611926,0.0016527235510726144,0.21775401780859946,-10.0,5.0,3.5
C_D,5.2925818765262673e-05,0.7157361878702461,0.0017272622018661057,0.7098760105293932,-10.0,5.0,3.5
C_S,-0.0005488658493693234,0.13469293097543353,0.0008691986273176624,0.12972970530702907,-10.0,5.0,3.5
C_roll,2.7650383201311345e-05,0.042867486939046906,0.005732912851218902,0.02289906830098534,-10.0,5.0,3.5
C_pitch,-0.027166277783478868,-1.1815784337558395,-0.024464713791932872,-1.1910339077262506,-10.0,5.0,3.5
C_yaw,0.0008134184417684034,0.6152968228540051,0.003765209228082428,0.604965555101906,-10.0,5.0,3.5
C_L,0.0015142025050438527,0.20250214301333042,0.001837985779588916,0.20136890155242268,-10.0,10.0,3.5
C_D,-5.969363657668717e-05,0.7152734349733413,0.0015118524866774602,0.7097730235419518,-10.0,10.0,3.5
C_S,0.00020200724091875736,0.08626028867302915,0.0010940574293029797,0.08313811301368437,-10.0,10.0,3.5
C_roll,0.0015167176877138027,-0.04732464266135791,0.00363690941683428,-0.05474531371327958,-10.0,10.0,3.5
C_pitch,-0.021087080793903666,-1.1498472899112036,-0.024609916456918894,-1.1375173650906503,-10.0,10.0,3.5
C_yaw,0.001942569206363516,0.5048896209250224,0.0036159848307686974,0.4990326662396043,-10.0,10.0,3.5
C_L,0.001304368967026064,0.20161290044324337,0.001123071247882753,0.20224744246024495,-10.0,15.0,3.5
C_D,0.0002949847183416086,0.7146884502497951,0.000832117839060299,0.7128084843272797,-10.0,15.0,3.5
C_S,0.0007657954574444184,0.07855647038121905,0.0003515626617972988,0.08000628516598396,-10.0,15.0,3.5
C_roll,0.002353069181407056,-0.062050183460561195,0.002572996272982869,-0.06281992828107655,-10.0,15.0,3.5
C_pitch,-0.02127361672384042,-1.1452788717590225,-0.021431100882606937,-1.14472767720334,-10.0,15.0,3.5
C_yaw,0.0031957033551629076,0.48749551833698096,0.0017856481801045083,0.4924307114496853,-10.0,15.0,3.5
C_L,0.0008806613956106272,0.1952955716189737,0.0006643009756162731,0.19605283308895394,-10.0,20.0,3.5
C_D,-0.00012438630794524045,0.7060697273664555,0.0002912649401455659,0.7046149479981376,-10.0,20.0,3.5
C_S,0.0005541979721544325,0.08022424369590579,-9.6667108133838e-05,0.08250227147691473,-10.0,20.0,3.5
C_roll,0.0024348514805523883,-0.052721078343497554,0.001895555389847516,-0.05083354202603051,-10.0,20.0,3.5
C_pitch,-0.01962502397914546,-1.1086573398603286,-0.019649701913698955,-1.1085709670893913,-10.0,20.0,3.5
C_yaw,0.002644348878185066,0.48415436038497034,0.0005550610712661742,0.49146686770918646,-10.0,20.0,3.5
C_L,0.0006771600656346244,0.1890911248026642,0.000897600324270022,0.18831958389744033,-10.0,25.0,3.5
C_D,0.00040880341737086384,0.6980883876586972,0.0008934736457377768,0.696392041859413,-10.0,25.0,3.5
C_S,-0.00010583965297765613,0.07330674150875839,0.0005729308533824589,0.07093104473649799,-10.0,25.0,3.5
C_roll,0.0014026930755726794,-0.05593456793781688,0.002558693678006567,-0.05998057004633548,-10.0,25.0,3.5
C_pitch,-0.02002324584533073,-1.086043764340043,-0.020377453762929005,-1.084804036628449,-10.0,25.0,3.5
C_yaw,0.0017200254567996595,0.4675217412005822,0.0020686599057412832,0.46630152062928654,-10.0,25.0,3.5
C_L,0.002881172098225002,0.2021522706020037,0.003180672670627554,0.20110401859859475,-8.0,5.0,3.5
C_D,-0.0006475241660169132,0.6850647523619183,0.0024228067457281077,0.6743185941708107,-8.0,5.0,3.5
C_S,-0.0006051003069434098,0.09798501897793382,0.000985564425804602,0.0924176924133158,-8.0,5.0,3.5
C_roll,0.0006300601102473105,0.03803794826066321,0.0039183359054293715,0.026528982977525997,-8.0,5.0,3.5
C_pitch,-0.022957342499379804,-1.141196337650047,-0.028900389905534115,-1.1203956717285068,-8.0,5.0,3.5
C_yaw,-0.0003939968819981481,0.49004134495242674,0.003947142969059389,0.47484735547372536,-8.0,5.0,3.5
C_L,0.0016416281774363193,0.20037691756077178,0.0013319876220738887,0.20146065950454028,-8.0,10.0,3.5
C_D,-0.00015146277832547123,0.6891481802902132,0.0009884351647200993,0.6851585374895537,-8.0,10.0,3.5
C_S,0.00041309790916425144,0.06655942632819802,0.0004838538122169945,0.06631178066751342,-8.0,10.0,3.5
C_roll,0.0011140602506166614,-0.029507012578924213,0.0026025648421898816,-0.034716778649430485,-8.0,10.0,3.5
C_pitch,-0.02080242581249458,-1.1367879895414714,-0.021514154377214795,-1.1342969395649505,-8.0,10.0,3.5
C_yaw,0.001725020733566596,0.4216884126753237,0.0019351826613331151,0.4209528459281409,-8.0,10.0,3.5
C_L,0.0009801902397085537,0.20125563560514667,0.0013227931386404644,0.200056525458885,-8.0,15.0,3.5
C_D,-7.727065697004683e-05,0.6864153317327053,0.0012956649264764739,0.6816100571906425,-8.0,15.0,3.5
C_S,0.000252309700672223,0.05756231611473002,0.0005693983161526864,0.0564525059605484,-8.0,15.0,3.5
C_roll,0.0014985951662949374,-0.04345679859428688,0.0019304636974811762,-0.044968338453438714,-8.0,15.0,3.5
C_pitch,-0.01947739505383224,-1.1336465006700198,-0.021824174539461536,-1.1254327724703173,-8.0,15.0,3.5
C_yaw,0.00160578767816401,0.4019019055048509,0.0020299953112170774,0.40041717878916516,-8.0,15.0,3.5
C_L,0.0008658408011401743,0.19871605186334818,0.0006456331121225992,0.1994867787749097,-8.0,20.0,3.5
C_D,-0.0008877711415147986,0.6726616244222772,0.0008963629908112294,0.6664171549591361,-8.0,20.0,3.5
C_S,4.903421603038514e-05,0.056480798826837854,0.00030679490875395305,0.05557863640230537,-8.0,20.0,3.5
C_roll,0.0012971410897735256,-0.04235432606686164,0.001947007605882372,-0.044628858873242604,-8.0,20.0,3.5
C_pitch,-0.018437891813544646,-1.102146373418647,-0.018914277724648154,-1.1004790227297847,-8.0,20.0,3.5
C_yaw,0.0008586343057305462,0.39133614473791944,0.0011766102137028456,0.39022322906001644,-8.0,20.0,3.5
C_L,0.001126275506111126,0.19246147381396217,0.0005063221151882238,0.1946313106821923,-8.0,25.0,3.5
C_D,0.0007630330056192143,0.6734712411874335,0.00028943200756596375,0.67512884468062,-8.0,25.0,3.5
C_S,0.0004158260932029673,0.056441745244999515,0.00029184909544531946,0.056875664737151284,-8.0,25.0,3.5
C_roll,0.0014280197041241476,-0.03630060992580672,0.002062364353978483,-0.03852081620029689,-8.0,25.0,3.5
C_pitch,-0.020295462504142686,-1.0868717319583827,-0.017834384692786906,-1.095485504298128,-8.0,25.0,3.5
C_yaw,0.002443462603947653,0.39234826965775227,0.0009804170199048876,0.39746892920190197,-8.0,25.0,3.5
C_L,0.003848276591991468,0.21781326355191455,0.0018324429434926454,0.22486868132166044,-6.0,5.0,3.5
C_D,-0.0007406006666257835,0.6652481078612956,0.002118913793371789,0.655239807251304,-6.0,5.0,3.5
C_S,-0.0004101362228826473,0.09920103992073247,0.0009165143775737436,0.0945577628191351,-6.0,5.0,3.5
C_roll,2.0275289515351446e-05,0.04322499343472087,0.0048155727508155995,0.026441452320170002,-6.0,5.0,3.5
C_pitch,-0.025048895474387413,-1.1683187055830846,-0.024312783249197358,-1.1708950983712498,-6.0,5.0,3.5
C_yaw,-0.0003903444384599266,0.4160372901821128,0.0035693706430264638,0.4021782873969104,-6.0,5.0,3.5
C_L,0.001619344897524779,0.20945726911699938,0.0009179326106829522,0.21191221212094577,-6.0,10.0,3.5
C_D,-0.0003331676744495473,0.6630931531292599,0.0006202792330519234,0.6597560889530047,-6.0,10.0,3.5
C_S,-0.0001097584233284239,0.06648135123291318,0.0008121301891734127,0.06325474108915675,-6.0,10.0,3.5
C_roll,0.0011686528900528032,0.0007180805713874888,0.002927181710908169,-0.005436770301606292,-6.0,10.0,3.5
C_pitch,-0.02035683565865861,-1.1513114051580888,-0.01864519517063412,-1.1573021468661746,-6.0,10.0,3.5
C_yaw,0.0006720678616506611,0.35827838598579753,0.002293015335526599,0.3526050698272317,-6.0,10.0,3.5
C_L,0.0011650043386624103,0.20306413247451646,0.000847445807456693,0.20417558733373647,-6.0,15.0,3.5
C_D,6.260607156737665e-05,0.6556063145611738,0.0008837882337237093,0.6527321769936266,-6.0,15.0,3.5
C_S,0.00041876081898847416,0.06060974918922824,0.00028829076430627416,0.061066394380615945,-6.0,15.0,3.5
C_roll,0.0016668999061901341,-0.005040003714619369,0.0018520717562853326,-0.005688105189952564,-6.0,15.0,3.5
C_pitch,-0.018947943199383577,-1.117504632067986,-0.019725829424971073,-1.1147820302784297,-6.0,15.0,3.5
C_yaw,0.0020979624810928336,0.34809534203059533,0.0009390566128147067,0.3521515125695688,-6.0,15.0,3.5
C_L,0.0006157097471001339,0.19758869858030204,0.0007446378601032421,0.19713745018479115,-6.0,20.0,3.5
C_D,-0.0007198584842016213,0.6451245624600893,0.00041563710550120993,0.6411503278961295,-6.0,20.0,3.5
C_S,5.323636643693443e-05,0.05766319635140703,0.0003459983147036594,0.05663852953247349,-6.0,20.0,3.5
C_roll,0.001639320511152343,-0.006412808250252101,0.0018949450924082743,-0.00730749428464786,-6.0,20.0,3.5
C_pitch,-0.016718289191655814,-1.0867178333739114,-0.01804693608687285,-1.0820675692406518,-6.0,20.0,3.5
C_yaw,0.0007715136375081632,0.33416112332207254,0.0010252931987462437,0.33327289485773925,-6.0,20.0,3.5
C_L,0.0005756893597626494,0.19404584293345883,0.0005878616624332507,0.19400323987411172,-6.0,25.0,3.5
C_D,-0.0009158992803703261,0.6477189370319699,0.0008238358150708859,0.6416298641979257,-6.0,25.0,3.5
C_S,0.00014786785757133956,0.06516380492353291,0.0001176773300607585,0.06526947176981994,-6.0,25.0,3.5
C_roll,0.0019221883033078366,0.0009358578980283722,0.0017466982486155746,0.0015500730894512883,-6.0,25.0,3.5
C_pitch,-0.01678351596575621,-1.0787188497619395,-0.018009056004982444,-1.0744294596246478,-6.0,25.0,3.5
C_yaw,0.000931945659138397,0.3483371260370776,0.0007715844625919971,0.34889839022499,-6.0,25.0,3.5
C_L,0.004094249344101141,0.2254267384559988,0.0025669049248740945,0.23077244392329346,-4.0,5.0,3.5
C_D,0.00032919995158464183,0.6495316217464872,0.001516871608126268,0.6453747709485915,-4.0,5.0,3.5
C_S,-0.00035932821148899327,0.07937861756427497,0.0008739104761339875,0.07506228215759454,-4.0,5.0,3.5
C_roll,-0.0005543606624829516,0.03097499510182113,0.0043639557891869,0.01376088752097665,-4.0,5.0,3.5
C_pitch,-0.02613112581131235,-1.176144060976262,-0.025233237046003474,-1.179286671654843,-4.0,5.0,3.5
C_yaw,-0.000368028680222307,0.3127689284748192,0.0027041996137563843,0.30201612944589373,-4.0,5.0,3.5
C_L,0.0016674459777357312,0.21061104850392734,0.001122820130155759,0.21251723897045724,-4.0,10.0,3.5
C_D,-0.00015360719273909624,0.6450116170563277,0.0004461871602438083,0.6429123368208874,-4.0,10.0,3.5
C_S,-0.0002487247858740588,0.0669886701165229,0.0006219167511121378,0.06394142473707122,-4.0,10.0,3.5
C_roll,0.00076493875696877,0.011559573057867006,0.0030246798428264173,0.00365047925736524,-4.0,10.0,3.5
C_pitch,-0.019999104791803727,-1.1386605177389755,-0.018502216986935143,-1.1438996250560156,-4.0,10.0,3.5
C_yaw,1.409910917349501e-05,0.29195079811428637,0.0018094227176652718,0.28566716548456517,-4.0,10.0,3.5
C_L,0.0009576954023718649,0.2074242274526198,0.0009581584573859818,0.20742260676007038,-4.0,15.0,3.5
C_D,-0.0004511511537874263,0.6396810616507973,0.0009471319761460736,0.63478707069603,-4.0,15.0,3.5
C_S,-0.00014621322105351332,0.060476579480262395,0.0008359336567529416,0.05703906540793981,-4.0,15.0,3.5
C_roll,0.0011985465803754183,0.005316382788573936,0.00308133805650964,-0.0012733873778958404,-4.0,15.0,3.5
C_pitch,-0.01760601214600916,-1.12069597175091,-0.01922050005530136,-1.1150452640683872,-4.0,15.0,3.5
C_yaw,0.0003067005897244748,0.27923955033992587,0.002295548693681059,0.2722785819760778,-4.0,15.0,3.5
C_L,0.001056909651905204,0.20342645654295838,0.0004436172943790813,0.2055729797942998,-4.0,20.0,3.5
C_D,-0.000477596008222132,0.633332365136764,0.00028615510028875605,0.630659236256976,-4.0,20.0,3.5
C_S,-2.260985159874866e-05,0.06072329956459192,-5.852151796170085e-06,0.060664647615282896,-4.0,20.0,3.5
C_roll,0.0015313223145953098,0.008082349873354416,0.0016834897441208622,0.007549763870014982,-4.0,20.0,3.5
C_pitch,-0.017466635698996463,-1.09259811908011,-0.01699096137110483,-1.0942629792277305,-4.0,20.0,3.5
C_yaw,0.00048758832720463216,0.2773993316111828,6.595994632060732e-05,0.2788750309442769,-4.0,20.0,3.5
C_L,0.0006799224940699376,0.19730901019023092,0.000439314330666509,0.1981511387621429,-4.0,25.0,3.5
C_D,-0.0004473524418398338,0.6284971128410608,0.00030061695416751277,0.6258792199550351,-4.0,25.0,3.5
C_S,6.569112589975773e-05,0.06485155103235475,-2.3926811850626996e-05,0.0651652138144811,-4.0,25.0,3.5
C_roll,0.0019209768501866947,0.01490741149433757,0.0017146797401664051,0.015629451379408583,-4.0,25.0,3.5
C_pitch,-0.01686851918547934,-1.0701747899036482,-0.01675582653015426,-1.070569214197286,-4.0,25.0,3.5
C_yaw,0.0009878929884994511,0.2846270936511785,5.39377189918554e-05,0.2878959370944551,-4.0,25.0,3.5
C_L,0.0027461010827576435,0.20683808704602155,0.0029252608354996463,0.20621102791142454,-2.0,5.0,3.5
C_D,0.00027236995982613237,0.6340537229046567,0.0015966056842172882,0.6294188978692876,-2.0,5.0,3.5
C_S,-0.00043403463736958796,0.05363233963791736,0.00025375209819670445,0.051225086063435336,-2.0,5.0,3.5
C_roll,-0.00046837370939576957,0.012324706898329393,0.0029654764933553985,0.00030623118870030594,-2.0,5.0,3.5
C_pitch,-0.022497816125207508,-1.119608513764573,-0.025609979398190028,-1.1087159423091344,-2.0,5.0,3.5
C_yaw,-0.000420667393593479,0.19021272611437726,0.0008729067321908761,0.18568521667413201,-2.0,5.0,3.5
C_L,0.0014964939450811394,0.2129574647888889,0.0007774052913760052,0.21547427507685687,-2.0,10.0,3.5
C_D,-0.0002632230930356441,0.6322001994093771,0.0002336892911729362,0.6304610060646472,-2.0,10.0,3.5
C_S,9.313119172752803e-05,0.051211546132683645,0.00011592552498096759,0.05113176596629661,-2.0,10.0,3.5
C_roll,0.0006975801290952631,0.011563024496382279,0.001934440264925725,0.007234014020975662,-2.0,10.0,3.5
C_pitch,-0.019326673227683284,-1.1371820850490022,-0.017212632776528455,-1.144581226628044,-2.0,10.0,3.5
C_yaw,0.0006700108350221493,0.18973572323619836,0.00025197447510025446,0.191198850495925,-2.0,10.0,3.5
C_L,0.0009133387383822626,0.20766606493889259,0.0007750950068329139,0.20814991799931531,-2.0,15.0,3.5
C_D,-0.0002524146337410314,0.6260394665467055,0.00047261463061970863,0.6235018641214429,-2.0,15.0,3.5
C_S,0.0003364749609962166,0.04492144256536734,0.00012917435422363387,0.04564699468907138,-2.0,15.0,3.5
C_roll,0.0011942114000888845,0.008486793477318306,0.0016975539811060582,0.006725094443758197,-2.0,15.0,3.5
C_pitch,-0.017679302982761266,-1.1101432450076107,-0.017855098394679452,-1.109527961065897,-2.0,15.0,3.5
C_yaw,0.0013259995889788043,0.1736667197962382,0.0005314206362931614,0.17644774613063796,-2.0,15.0,3.5
C_L,0.0007408616852758943,0.19936762861270507,0.0012169615974621808,0.19770127892005307,-2.0,20.0,3.5
C_D,-0.0005489995386741002,0.6142938049822587,0.0011982635358604343,0.6081783842213878,-2.0,20.0,3.5
C_S,-5.198316552364631e-06,0.04322960051711758,8.789664438824798e-05,0.04290376815382543,-2.0,20.0,3.5
C_roll,0.0008100883223189861,0.006287121352102749,0.0015753688033426274,0.0036086396685200044,-2.0,20.0,3.5
C_pitch,-0.01637999724715974,-1.0653147960679523,-0.020403981096582438,-1.0512308525949727,-2.0,20.0,3.5
C_yaw,0.000322734158482057,0.1676882175415086,0.0004966440206527309,0.16707953302391124,-2.0,20.0,3.5
C_L,0.0008534196077215608,0.19967171548133683,0.0006303106064586447,0.20045259698575704,-2.0,25.0,3.5
C_D,-0.00033883822079451586,0.6198422929725419,0.0005378264519543123,0.616773966617921,-2.0,25.0,3.5
C_S,0.000283549481745169,0.048689054982053906,-0.00019827908718279111,0.050375454973301766,-2.0,25.0,3.5
C_roll,0.001352118176790952,0.01538731614109567,0.0011367290775171112,0.016141177988554113,-2.0,25.0,3.5
C_pitch,-0.017423688893557207,-1.0735933164089508,-0.01728420574516281,-1.0740815074283312,-2.0,25.0,3.5
C_yaw,0.0011891491211473181,0.1810135808511681,-0.00027447382000500315,0.1861362611452012,-2.0,25.0,3.5
C_L,0.0035402166509249777,0.228386661035911,0.0017153562469609431,0.2347736724497851,-0.0,5.0,3.5
C_D,0.00026757380762790705,0.6270255773619446,0.0019437464019018058,0.621158973281986,-0.0,5.0,3.5
C_S,-0.000408432934478243,-0.004949323408350149,0.0012563800112226336,-0.010776168718303218,-0.0,5.0,3.5
C_roll,-0.001583628544375432,-0.04454466658484579,0.0037038862887865884,-0.06305096850091287,-0.0,5.0,3.5
C_pitch,-0.024497237616076594,-1.180346547580899,-0.0224669395722026,-1.187452590734458,-0.0,5.0,3.5
C_yaw,-0.001923264656272837,-0.026012197561377074,0.0037189632455516724,-0.045759995217762854,-0.0,5.0,3.5
C_L,0.0008888122105342939,0.20971413398993377,0.0013661787288900087,0.20804335117568878,-0.0,10.0,3.5
C_D,-0.0005856009987826131,0.6216367539593861,0.0010362063720089178,0.6159604281616158,-0.0,10.0,3.5
C_S,0.00029051836686347295,0.012475475784101344,0.0005929250903879737,0.011417052251765591,-0.0,10.0,3.5
C_roll,-8.814228960430406e-05,-0.005598465244137936,0.0018114019725322934,-0.012246870161616026,-0.0,10.0,3.5
C_pitch,-0.01748172394790403,-1.1202580318004547,-0.020093659050006565,-1.1111162589430958,-0.0,10.0,3.5
C_yaw,0.0006870523258750403,0.025417167731273657,0.0016271951504623332,0.022126667845218134,-0.0,10.0,3.5
C_L,0.0003990563345749504,0.20233150840457068,0.000886819756911565,0.20062433642639252,-0.0,15.0,3.5
C_D,-0.0007630667017618436,0.6164172964662818,0.0006236941687836008,0.6115636334193728,-0.0,15.0,3.5
C_S,0.000692909876527547,0.013700425707267984,-9.351335048595417e-05,0.016452907001815238,-0.0,15.0,3.5
C_roll,0.0008819920062835469,0.0033466732651384855,0.00017743118654217646,0.005812636134233282,-0.0,15.0,3.5
C_pitch,-0.015552826109983419,-1.088843535069755,-0.018205120108353293,-1.0795605060754603,-0.0,15.0,3.5
C_yaw,0.001965382690630979,0.029538508719088974,-0.00044045122437460756,0.03795892742160852,-0.0,15.0,3.5
C_L,0.000398003428642201,0.19793368902782382,0.0010175999997968557,0.19576510102878253,-0.0,20.0,3.5
C_D,-0.0010914977316783343,0.6064338329986791,0.0011290403367878253,0.5986619497590476,-0.0,20.0,3.5
C_S,6.441337046233099e-05,0.005888043059921542,0.00032423179336079727,0.004978678579776909,-0.0,20.0,3.5
C_roll,0.00017352150787247272,-0.004300502173123154,0.0004781620371125685,-0.0053667440254634895,-0.0,20.0,3.5
C_pitch,-0.015295002410375635,-1.0583726295230313,-0.0193025553282484,-1.0443461943104766,-0.0,20.0,3.5
C_yaw,3.447651135204058e-05,0.006941953525699658,0.0009465308011725357,0.0037497635113279255,-0.0,20.0,3.5
C_L,0.0011881285570308237,0.20352285736055153,-8.393328191537251e-06,0.2077106839588298,-0.0,25.0,3.5
C_D,0.0006274661246764453,0.6229179218733583,-0.000437558517156035,0.6266455081197719,-0.0,25.0,3.5
C_S,0.00013892691057463505,0.007284251619808877,0.0003351709809043659,0.006597397373654819,-0.0,25.0,3.5
C_roll,0.0003978929750896011,-0.0020921424566225037,0.0007501541866402482,-0.003325056697049769,-0.0,25.0,3.5
C_pitch,-0.018888725573234552,-1.0900975915364843,-0.01447690208863954,-1.1055389737325667,-0.0,25.0,3.5
C_yaw,0.00031343930067233105,0.010932207126693341,0.0009502285688104505,0.008703444688209922,-0.0,25.0,3.5
C_L,0.004468925422213821,0.22285370028161883,0.0021148085552995426,0.2310931093158188,2.0,5.0,3.5
C_D,-7.776097888938088e-06,0.6412674175713925,0.0015774716306311341,0.6357190505215723,2.0,5.0,3.5
C_S,-0.00039396673935118947,-0.03933272377426324,3.285738013510507e-05,-0.040826608192465266,2.0,5.0,3.5
C_roll,-0.003097779589728917,-0.06493566580061169,0.0009435133844744576,-0.0790801912103235,2.0,5.0,3.5
C_pitch,-0.026560379963821084,-1.1783448779657433,-0.0234490420979527,-1.1892345604962826,2.0,5.0,3.5
C_yaw,-0.002133501057221927,-0.17364822096121826,0.0002868375310254368,-0.18211940602008403,2.0,5.0,3.5
C_L,0.0013759035262286732,0.21214370305352215,0.001366265087020475,0.21217743759075086,2.0,10.0,3.5
C_D,-0.0003838719890625693,0.6285161906299077,0.0006739440021604472,0.6248138346606271,2.0,10.0,3.5
C_S,0.000710706683925587,-0.018701010624554655,-0.000478411385804941,-0.014539097380497806,2.0,10.0,3.5
C_roll,-0.00028596713253007424,-0.01376858673791254,-0.0008889202308811042,-0.011658250893683934,2.0,10.0,3.5
C_pitch,-0.018635913753120594,-1.1308976005182516,-0.0199247104341154,-1.1263868121347698,2.0,10.0,3.5
C_yaw,0.001414607381742498,-0.11585228858892915,-0.0014117763550128542,-0.10595994551028541,2.0,10.0,3.5
C_L,0.0010824267841431237,0.21182105615389565,0.00030945490594802387,0.2145264577275785,2.0,15.0,3.5
C_D,0.00018779606180076598,0.6319347120894031,-7.599649154839878e-05,0.6328579860261252,2.0,15.0,3.5
C_S,0.0003487818739295127,-0.026374883032467693,0.00045907711801177793,-0.026760916386755623,2.0,15.0,3.5
C_roll,-0.0008350676453169794,-0.02280565611772197,0.0003355552857468631,-0.02690283637644542,2.0,15.0,3.5
C_pitch,-0.0188832119507775,-1.133812832094358,-0.01580674610361276,-1.1445804625594345,2.0,15.0,3.5
C_yaw,0.00012438597675766026,-0.14171649734916753,0.0014442358978549697,-0.1463359720730081,2.0,15.0,3.5
C_L,0.0009608699913133869,0.20063513730852003,0.0005539526846294696,0.20205934788191374,2.0,20.0,3.5
C_D,6.249362729990791e-05,0.6144506853263788,0.00030572064711548137,0.6135993907570243,2.0,20.0,3.5
C_S,4.321006367578388e-05,-0.027203347999379443,0.0001738010231150458,-0.02766041635741686,2.0,20.0,3.5
C_roll,-0.0009165729321609726,-0.020703216225896395,-0.0005167796594228951,-0.022102492680479667,2.0,20.0,3.5
C_pitch,-0.017423594144594143,-1.0700229052271224,-0.017099196674414084,-1.0711582963727526,2.0,20.0,3.5
C_yaw,-0.0004714854109325834,-0.14158639258049907,0.0004470278719791704,-0.1448011890706902,2.0,20.0,3.5
C_L,0.0005823417759763303,0.20136227284548883,0.0004602935282146397,0.20178944171265475,2.0,25.0,3.5
C_D,-0.0006747828626329672,0.6167497338286586,0.0008182891511724184,0.6115239817803397,2.0,25.0,3.5
C_S,0.00020814502135134438,-0.023559078644018506,0.000277321735077889,-0.023801197142061414,2.0,25.0,3.5
C_roll,-0.0006684390205209862,-0.01106709277090625,-0.00011465053680361434,-0.01300535246391705,2.0,25.0,3.5
C_pitch,-0.01612265944050446,-1.073362703455822,-0.01738452931381515,-1.0689461588992346,2.0,25.0,3.5
C_yaw,-5.79323385785765e-05,-0.130143755138457,0.0007203033030759818,-0.13286757988424794,2.0,25.0,3.5
C_L,0.0031605852162143594,0.21507994815085585,0.00269273504735176,0.21671742374187494,4.0,5.0,3.5
C_D,0.00023633629532618806,0.6536042719148324,0.0015878659243953948,0.6488739182130902,4.0,5.0,3.5
C_S,-0.0008520665431340412,-0.07759430964957076,0.0007089062865211574,-0.08305771455336396,4.0,5.0,3.5
C_roll,-0.004343509933190147,-0.10610758167686099,0.0016343867223764237,-0.12703021997134398,4.0,5.0,3.5
C_pitch,-0.024581538412985476,-1.1756371333418634,-0.025405349723179003,-1.172753793756186,4.0,5.0,3.5
C_yaw,-0.003781211709272961,-0.32574946246984554,0.0016857148308684546,-0.34488370536034046,4.0,5.0,3.5
C_L,0.0016472130389443207,0.20808309353800017,0.0010996456211988701,0.20999957950010925,4.0,10.0,3.5
C_D,-0.00024738669336140415,0.6407306650953825,0.0008729874879667936,0.6368093554607337,4.0,10.0,3.5
C_S,0.00020019447306694464,-0.04385260136797351,0.0003613478521335748,-0.04441663819470671,4.0,10.0,3.5
C_roll,-0.0015612791688095875,-0.03413842269239304,6.189162376044463e-05,-0.039819520466388154,4.0,10.0,3.5
C_pitch,-0.019779619680817224,-1.1394803617419855,-0.019637682643837796,-1.1399771413714135,4.0,10.0,3.5
C_yaw,-0.0006173464431573152,-0.2468935923074224,0.000813705286718911,-0.25190227336198917,4.0,10.0,3.5
C_L,0.0010438714063619003,0.20871631756631284,0.00046373162089052736,0.21074680681546265,4.0,15.0,3.5
C_D,0.0001437221601923153,0.6394366921797049,0.00022549364303060996,0.6391504919897709,4.0,15.0,3.5
C_S,0.0003397599659472435,-0.038317818028400556,0.00034822607997899395,-0.038347449427511685,4.0,15.0,3.5
C_roll,-0.0011867008335066413,-0.023129640732112954,-7.410880139050313e-05,-0.02702371284451944,4.0,15.0,3.5
C_pitch,-0.018947022395039755,-1.1372876216884558,-0.01657780847971115,-1.1455798703921058,4.0,15.0,3.5
C_yaw,-6.384891792503285e-05,-0.2345844879172084,0.0006727889245993488,-0.23716272036604372,4.0,15.0,3.5
C_L,0.000947144941161538,0.2013054661275015,0.0006283121088054919,0.20242138104074767,4.0,20.0,3.5
C_D,-4.326202419092229e-05,0.6239923103127711,0.0003684431597936796,0.622551342168825,4.0,20.0,3.5
C_S,5.916833244045783e-05,-0.03778123226791261,1.6962835233503486e-05,-0.03763351302768826,4.0,20.0,3.5
C_roll,-0.0014144363374633574,-0.021474232153450047,-0.001114027654854941,-0.022525662542579507,4.0,20.0,3.5
C_pitch,-0.017775777340527783,-1.085145435459636,-0.017395177277225782,-1.0864775356811929,4.0,20.0,3.5
C_yaw,-0.0006903184507640383,-0.23092261163756228,-0.0002804754784522762,-0.23235706204065343,4.0,20.0,3.5
C_L,0.0010290478531184695,0.20445807355507906,0.0005195730445343517,0.20624123538512346,4.0,25.0,3.5
C_D,0.0003925202431354029,0.6292881716823301,0.0005277065520433058,0.6288150196011525,4.0,25.0,3.5
C_S,0.0003171703746043641,-0.03855861654397338,-1.6205147736490394e-05,-0.03739180221578038,4.0,25.0,3.5
C_roll,-0.0010379844474489117,-0.016311859213226407,-0.0009929947323256466,-0.016469323216157836,4.0,25.0,3.5
C_pitch,-0.018655920498049428,-1.10078416963968,-0.017054795017350795,-1.1063881088221255,4.0,25.0,3.5
C_yaw,-0.000226272806983756,-0.22973344015054997,-0.00017139940934339583,-0.22992549704229123,4.0,25.0,3.5
C_L,0.003302109031014532,0.22557528720360934,0.0013311737880778581,0.23247356055388768,6.0,5.0,3.5
C_D,-0.0004900033260909421,0.6758313518212957,0.001961438287092068,0.6672513061751553,6.0,5.0,3.5
C_S,-0.00031559042406910235,-0.09523077688444824,0.000416137676110456,-0.0977918252350767,6.0,5.0,3.5
C_roll,-0.003015579069659994,-0.11951419787749172,0.00016244232051944405,-0.13063727274311976,6.0,5.0,3.5
C_pitch,-0.02405899681610592,-1.2330292621245276,-0.023110920797868147,-1.2363475281883598,6.0,5.0,3.5
C_yaw,-0.0027935039929908694,-0.436184109454713,0.000508688901456961,-0.44774178458528036,6.0,5.0,3.5
C_L,0.00164253306466378,0.21136597926983985,0.0009642921133913199,0.21373982259929347,6.0,10.0,3.5
C_D,-0.00011410655205053768,0.6674029297680022,0.0009908936728752612,0.6635354289807619,6.0,10.0,3.5
C_S,-0.0002955591353783789,-0.058463330200010474,5.5911915105124646e-05,-0.05969347887670273,6.0,10.0,3.5
C_roll,-0.002039437754873519,-0.03549230954755378,-0.00026772416195422824,-0.0416933071227713,6.0,10.0,3.5
C_pitch,-0.020439290502583113,-1.1730285104271931,-0.020249134471960903,-1.1736940565343708,6.0,10.0,3.5
C_yaw,-0.0017818402618180362,-0.3438627553198141,-0.00013485238050154786,-0.3496272129044218,6.0,10.0,3.5
C_L,0.0005482938849028415,0.20810924563733604,0.0009808358731695738,0.20659534867840249,6.0,15.0,3.5
C_D,-0.0004643794359690466,0.6593594705389729,0.0008020302781489269,0.65492703653956,6.0,15.0,3.5
C_S,0.00019004549060594605,-0.04711775150358971,-0.0003486244806308694,-0.04523240660426085,6.0,15.0,3.5
C_roll,-0.0012247720633525466,-0.012026511101024286,-0.0008870781093552615,-0.013208439940014784,6.0,15.0,3.5
C_pitch,-0.01703938104153972,-1.1462625082011484,-0.019701842108548268,-1.1369438944666186,6.0,15.0,3.5
C_yaw,-0.00035500391486126563,-0.3115888538956568,-0.0010452360870742753,-0.3091730412929113,6.0,15.0,3.5
C_L,0.0012122859233701325,0.20781381928200923,0.00041087376180764216,0.21061876184747794,6.0,20.0,3.5
C_D,0.00045694558969700314,0.6572633594490151,6.965478068697878e-05,0.6586188772805502,6.0,20.0,3.5
C_S,-0.0005177614204343782,-0.04909982826417208,-0.00023083329483834615,-0.05010407670375819,6.0,20.0,3.5
C_roll,-0.0015651844542602833,-0.011570369882100608,-0.0011866083252385163,-0.012895386333676793,6.0,20.0,3.5
C_pitch,-0.019976263662148216,-1.1371471870655654,-0.01674837572068665,-1.1484447948606809,6.0,20.0,3.5
C_yaw,-0.0021982018789369053,-0.3161750372672765,-0.00046825629233786936,-0.32222984682037314,6.0,20.0,3.5
C_L,0.0005793825435718026,0.2022655666861138,0.0010189551214497344,0.20072706266354104,6.0,25.0,3.5
C_D,-0.0006252359347504813,0.6470882050323092,0.0010655049418297898,0.6411706119642784,6.0,25.0,3.5
C_S,-0.00045222494754141836,-0.05071519584402934,5.909400994836496e-05,-0.052504812195243576,6.0,25.0,3.5
C_roll,-0.0016388147124261278,-0.010696463940088852,-0.0006222437946840846,-0.014254462152186004,6.0,25.0,3.5
C_pitch,-0.0172094922686996,-1.1028165541122006,-0.019549681415427077,-1.0946258920986542,6.0,25.0,3.5
C_yaw,-0.0018974665486084575,-0.31325358656973185,-6.744034992613889e-05,-0.31965867826511996,6.0,25.0,3.5
C_L,0.00401459618365866,0.2185092866518064,0.0027155884862308413,0.22305581359280377,8.0,5.0,3.5
C_D,-2.988509588341537e-05,0.7118512995808122,0.002354635406909556,0.7035054778210368,8.0,5.0,3.5
C_S,-0.0004722865294553867,-0.11297625588303443,0.00021785561797736127,-0.11539175339904906,8.0,5.0,3.5
C_roll,-0.003623422313607844,-0.10872019946409635,-0.00021766706721807133,-0.12064034282646055,8.0,5.0,3.5
C_pitch,-0.027162765415354537,-1.2503264745815534,-0.027653646165923924,-1.2486083919545605,8.0,5.0,3.5
C_yaw,-0.0032848758636570934,-0.5370001887898394,-0.00037348159522878396,-0.5471900687293384,8.0,5.0,3.5
C_L,0.001303138832746849,0.2079566721260968,0.0017914602725835262,0.20624754708666845,8.0,10.0,3.5
C_D,-0.00014000990424396258,0.6945835798618771,0.0014398537182601912,0.6890540571831126,8.0,10.0,3.5
C_S,-0.00018056829229953552,-0.061621350983931025,-0.0003850685480780972,-0.06090560008870606,8.0,10.0,3.5
C_roll,-0.002144555652115174,0.0006572772949122096,-0.0009183088136964116,-0.0036345866395534597,8.0,10.0,3.5
C_pitch,-0.02030232346436361,-1.180861240110217,-0.023891771765415373,-1.1682981710565357,8.0,10.0,3.5
C_yaw,-0.0017706131891733607,-0.40551685616890265,-0.0015561083816132948,-0.4062676229953629,8.0,10.0,3.5
C_L,0.0008123104434469977,0.2115019535839753,0.0008162515922028453,0.21148815956332984,8.0,15.0,3.5
C_D,-0.00016566404008979847,0.6930867259629576,0.0010197056578150955,0.6889379320202904,8.0,15.0,3.5
C_S,-3.2940348826643094e-05,-0.05179466531400775,-0.00031954724675022154,-0.050791541171275226,8.0,15.0,3.5
C_roll,-0.0015659665650724383,0.024631603565542233,-0.0008970629285658364,0.022290440837769127,8.0,15.0,3.5
C_pitch,-0.019241613942642892,-1.1825138605720547,-0.020462410344488743,-1.1782410731655941,8.0,15.0,3.5
C_yaw,-0.0013172747308376333,-0.3813843519724293,-0.0010054278900509194,-0.3824758159151828,8.0,15.0,3.5
C_L,0.0008549024837421297,0.20918494829778983,0.0006250583838881601,0.20998940264727872,8.0,20.0,3.5
C_D,-0.00023511086481467687,0.6858028707890952,0.0005425147456555695,0.6830811811524493,8.0,20.0,3.5
C_S,-0.0005200175110814125,-0.05523521252459025,-3.720523561881588e-06,-0.05704225198090861,8.0,20.0,3.5
C_roll,-0.0017227178681723104,0.024648615981637187,-0.0007760645484982552,0.021335329362777995,8.0,20.0,3.5
C_pitch,-0.018872892274131296,-1.1545332811137146,-0.019191182783150598,-1.153419264332147,8.0,20.0,3.5
C_yaw,-0.002128770534332186,-0.38206572718078385,-0.0002487609485093527,-0.38864576073116375,8.0,20.0,3.5
C_L,0.001031019558582878,0.20955612134100643,0.00032762388967863575,0.21201800618217126,8.0,25.0,3.5
C_D,0.0005436831102671384,0.6827757419607902,0.00024174561237804194,0.683832523203402,8.0,25.0,3.5
C_S,-0.00017499946963175803,-0.05486865719264345,-0.00018017403074098098,-0.05485054622876117,8.0,25.0,3.5
C_roll,-0.0011586980495319245,0.027688489091864436,-0.0010563182032045355,0.027330159629718576,8.0,25.0,3.5
C_pitch,-0.020025906510644804,-1.1459523816935593,-0.018295373250722488,-1.1520092481032873,8.0,25.0,3.5
C_yaw,-0.0017381824705467637,-0.3751694443417264,-0.000611006280606528,-0.37911456100651725,8.0,25.0,3.5
C_L,0.0034197655127978055,0.22182215899111637,0.0015934855663492832,0.2282141388036862,10.0,5.0,3.5
C_D,0.0001548692430149545,0.7434268126516858,0.0014897968200834198,0.7387545661319461,10.0,5.0,3.5
C_S,-0.0005056221772825618,-0.15048057044837565,0.00022607787597365547,-0.15304152063477242,10.0,5.0,3.5
C_roll,-0.0046446176469129375,-0.12102851782221663,-0.0007783563239948501,-0.13456043245242993,10.0,5.0,3.5
C_pitch,-0.027262076033932454,-1.286394345565381,-0.02351060183290216,-1.299524505268987,10.0,5.0,3.5
C_yaw,-0.004209038819522337,-0.6617629167902044,-0.00010020699042053971,-0.6761438281920606,10.0,5.0,3.5
C_L,0.0013125546924770152,0.21049380916611662,0.0019008112739811558,0.20843491113085214,10.0,10.0,3.5
C_D,-0.0001373854133163706,0.7252131617485846,0.001639990450262299,0.7189923462260593,10.0,10.0,3.5
C_S,-5.097766163013048e-05,-0.08212158095710384,-0.0007129644628042748,-0.07980462715299434,10.0,10.0,3.5
C_roll,-0.00259677358451914,0.018543789024497492,-0.0016122447114239212,0.015097937968664224,10.0,10.0,3.5
C_pitch,-0.021197653484022166,-1.2104516935281724,-0.025074070976361638,-1.1968842323049842,10.0,10.0,3.5
C_yaw,-0.00239751394549355,-0.495987780677109,-0.0021921365792051785,-0.4967066014591183,10.0,10.0,3.5
C_L,0.00043959993022181574,0.20944430140994993,0.001487319075163019,0.20577728440265572,10.0,15.0,3.5
C_D,-0.0007629150735793313,0.7170561321771409,0.0015577110032245392,0.7089339409083274,10.0,15.0,3.5
C_S,-0.00019313019029429734,-0.07268798158179156,-0.0006542007035098439,-0.07107423478553715,10.0,15.0,3.5
C_roll,-0.0025281678097929016,0.043630571523013854,-0.001808210789778692,0.04111072195296412,10.0,15.0,3.5
C_pitch,-0.01785401725162638,-1.1850355318268149,-0.023619568484438348,-1.1648561025119728,10.0,15.0,3.5
C_yaw,-0.0020686259051869954,-0.4663212116514719,-0.0021823109674832548,-0.465923313933435,10.0,15.0,3.5
C_L,0.0007758854106131109,0.20863496759958572,0.000889336458739873,0.20823788893114203,10.0,20.0,3.5
C_D,-0.00012009717693459805,0.7118040909958984,0.0010866074141079338,0.7075806249272495,10.0,20.0,3.5
C_S,-0.00036456722265456806,-0.07398981134740922,-0.00027067445599304626,-0.07431843603072454,10.0,20.0,3.5
C_roll,-0.0021008205704012564,0.0471538074539473,-0.0017838600140608043,0.04604444550675572,10.0,20.0,3.5
C_pitch,-0.02005681605794336,-1.1711118420317843,-0.020939800435436275,-1.168021396710559,10.0,20.0,3.5
C_yaw,-0.0024119513189706566,-0.4625548601100139,-0.0013287357375544452,-0.4663461146449706,10.0,20.0,3.5
C_L,0.00028741202145054687,0.20787312287906126,0.0008848463300462849,0.20578210279897619,10.0,25.0,3.5
C_D,-0.0011856264249721995,0.7112062827361908,0.0010338434087025486,0.7034381383183291,10.0,25.0,3.5
C_S,0.00013717965334181134,-0.06837922406533554,-0.0006134516268813716,-0.0657520145845544,10.0,25.0,3.5
C_roll,-0.0017242724789716059,0.05639588489114532,-0.00196558624763545,0.05724048308146877,10.0,25.0,3.5
C_pitch,-0.018080224296872966,-1.1626892357852592,-0.020773644856650213,-1.1532622638260388,10.0,25.0,3.5
C_yaw,-0.0010709980801451614,-0.4500039793569616,-0.001825689872191223,-0.4473625580848004,10.0,25.0,3.5
C_L,0.003732006645015185,0.23173974144713694,0.002339973693574162,0.23661185677718052,12.0,5.0,3.5
C_D,0.0006581910518472589,0.7818469460445181,0.002036388138454081,0.7770232562413942,12.0,5.0,3.5
C_S,-0.001046194712095469,-0.19997969508439406,-7.347565239455724e-05,-0.20338421179334726,12.0,5.0,3.5
C_roll,-0.006095596250144932,-0.14019837325071705,-0.0017833396847570988,-0.15529127122957448,12.0,5.0,3.5
C_pitch,-0.030052236191466835,-1.3460559408604844,-0.027366810321258542,-1.3554549314062134,12.0,5.0,3.5
C_yaw,-0.00663526717917033,-0.8144902401590329,-0.0011558036609734586,-0.8336683624727219,12.0,5.0,3.5
C_L,0.001573934247232965,0.21355979572005843,0.001404193155171993,0.21415388954227182,12.0,10.0,3.5
C_D,-0.00023619737598677156,0.7525492032495474,0.001696319525395971,0.7457853940947079,12.0,10.0,3.5
C_S,-0.0005457269494968316,-0.12057843111227319,-0.00021660320735392968,-0.12173036420977335,12.0,10.0,3.5
C_roll,-0.003804372954248268,0.013175147354623738,-0.001851551257498627,0.006340271415999995,12.0,10.0,3.5
C_pitch,-0.021857678602087403,-1.2268854140488332,-0.025141853351167708,-1.215390802427052,12.0,10.0,3.5
C_yaw,-0.003950381390036225,-0.6158381309935308,-0.0015621039898761244,-0.624197101894091,12.0,10.0,3.5
C_L,0.0011369597712993823,0.21991489471767375,0.0007615112567057279,0.22122896451875154,12.0,15.0,3.5
C_D,0.00023839195078728234,0.756149411853079,0.0009332782026498066,0.7537173099715602,12.0,15.0,3.5
C_S,-2.83183905161842e-05,-0.10894006337024896,-0.00034610889740746347,-0.10782779659612948,12.0,15.0,3.5
C_roll,-0.002560974827992578,0.05017581484290842,-0.0029402558032592735,0.05150329825634185,12.0,15.0,3.5
C_pitch,-0.022430349664829083,-1.248451968084482,-0.02149272050767222,-1.2517336701345312,12.0,15.0,3.5
C_yaw,-0.002941316192449142,-0.585192581014139,-0.0017221889742006686,-0.5894595262780086,12.0,15.0,3.5
C_L,0.0007716959411193444,0.2069164791801778,0.0015514165911961952,0.2041874569049088,12.0,20.0,3.5
C_D,0.0004052857966200649,0.7375384889435675,0.003294210608401075,0.727427252102334,12.0,20.0,3.5
C_S,-0.00046335624813203597,-0.10509933589376207,-0.004107080779476743,-0.0923463000340556,12.0,20.0,3.5
C_roll,-0.002771771092880721,0.04984763641134962,-0.006925601868028044,0.06438604412436526,12.0,20.0,3.5
C_pitch,-0.02099483144133997,-1.179673059517929,-0.026342073579957877,-1.1609577120327663,12.0,20.0,3.5
C_yaw,-0.003645609894517149,-0.564258611748132,-0.009527836531985604,-0.5436708185169923,12.0,20.0,3.5
C_L,0.0006691812790887411,0.20856682497393061,0.0009235860940148025,0.2076764081216894,12.0,25.0,3.5
C_D,-0.00018917786233961937,0.7421867438131843,0.0012975331548704223,0.7369832552529492,12.0,25.0,3.5
C_S,-0.0001970305142726165,-0.10007689108772075,-0.00039809303976794027,-0.09937317224848712,12.0,25.0,3.5
C_roll,-0.0024647560300028,0.0631790427526468,-0.0024859955424633724,0.0632533810462588,12.0,25.0,3.5
C_pitch,-0.02028889015576255,-1.1864422650005202,-0.02207755166370891,-1.180181949722708,12.0,25.0,3.5
C_yaw,-0.00277098448697026,-0.5551027340456065,-0.001936524905703609,-0.5580233425800398,12.0,25.0,3.5
C_L,0.004029833517224459,0.2300995941806081,0.001639697162398408,0.2384650714224993,14.0,5.0,3.5
C_D,0.0009557480982000208,0.8162886377299451,0.0018568558609537615,0.813134760560307,14.0,5.0,3.5
C_S,-0.0008867404402464299,-0.24890692821153607,2.543954449423963e-05,-0.2520995581581284,14.0,5.0,3.5
C_roll,-0.006404532436009667,-0.17153352441910677,-0.002941186675634017,-0.18365523458042154,14.0,5.0,3.5
C_pitch,-0.032052426660382334,-1.3660062348789572,-0.025694278808698987,-1.388259752359849,14.0,5.0,3.5
C_yaw,-0.006970521880974658,-0.9625319471074296,-0.0013580385204308508,-0.982175638869333,14.0,5.0,3.5
C_L,0.001979431242608843,0.22267848579289884,0.0011162099836060434,0.22569976019940866,14.0,10.0,3.5
C_D,0.0007925347306757722,0.7936557097842883,0.0011289499770616427,0.7924782564219378,14.0,10.0,3.5
C_S,-0.00040714653576493333,-0.15917491812798434,-0.00016187037671990567,-0.16003338468464195,14.0,10.0,3.5
C_roll,-0.003650539556025686,0.014350732958261902,-0.0031336230752074955,0.012541525275398235,14.0,10.0,3.5
C_pitch,-0.025682595220148895,-1.288915304121717,-0.023680930615323843,-1.2959211302386044,14.0,10.0,3.5
C_yaw,-0.004761832052771415,-0.7420902766608193,-0.0017853157327001109,-0.7525080837810689,14.0,10.0,3.5
C_L,0.0005918341930660704,0.21812132426642966,0.0010317700202774106,0.21658154887118997,14.0,15.0,3.5
C_D,-0.0004024056632559854,0.7831205272984599,0.0014625977447332073,0.7765930153704977,14.0,15.0,3.5
C_S,6.453056918871452e-05,-0.14420351954185098,-4.84545913474484e-05,-0.14380807147997443,14.0,15.0,3.5
C_roll,-0.0034798467174949567,0.042183454562488946,-0.0029498926883549798,0.040328615460499026,14.0,15.0,3.5
C_pitch,-0.02029268481350449,-1.2514922939530844,-0.024026805569256307,-1.238422871307953,14.0,15.0,3.5
C_yaw,-0.0030583644964640743,-0.7012676961833256,-0.0017278772589500693,-0.7059244015146247,14.0,15.0,3.5
C_L,0.0008319922486816707,0.20967230771414344,0.0010425280906854984,0.20893543226713004,14.0,20.0,3.5
C_D,0.0005983338960675643,0.7722761686548388,0.0011239475388042659,0.7704365209052604,14.0,20.0,3.5
C_S,-0.0006177410194789202,-0.14171867340478966,-0.00011357871018118047,-0.14348324148733177,14.0,20.0,3.5
C_roll,-0.0037435662349690974,0.045918968606987444,-0.003288321718130562,0.04432561279805257,14.0,20.0,3.5
C_pitch,-0.02161995225117933,-1.2109270917948032,-0.02278604393134555,-1.2068457709142213,14.0,20.0,3.5
C_yaw,-0.0046239357699483135,-0.6839276383515859,-0.0019077897470132633,-0.6934341494318585,14.0,20.0,3.5
C_L,0.0006859164135796992,0.21168997439663684,0.0009191422362649814,0.21087368401723836,14.0,25.0,3.5
C_D,-0.00022249378936616243,0.772789617930346,0.001060809678883106,0.7682980557914735,14.0,25.0,3.5
C_S,-0.00010621862878555527,-0.13379287783169516,-0.00040907915042394713,-0.1327328660059608,14.0,25.0,3.5
C_roll,-0.00298713285344309,0.06337509660223331,-0.003605495532145882,0.06553936597769308,14.0,25.0,3.5
C_pitch,-0.020963018527647488,-1.2141779774044885,-0.021654333060860335,-1.2117583765382436,14.0,25.0,3.5
C_yaw,-0.0032439177983411677,-0.6666602471070796,-0.002301116743925594,-0.6699600507975342,14.0,25.0,3.5
C_L,0.00279304177009968,0.23056110798668752,0.0023602585392796726,0.23207584929455755,20.0,5.0,3.5
C_D,0.0004672472072476897,0.9344586101307313,0.0024811653636790656,0.9274098965832215,20.0,5.0,3.5
C_S,-0.0001529049449283951,-0.3819634228877677,-0.0007041946435218462,-0.3800339089426906,20.0,5.0,3.5
C_roll,-0.0072178146426830035,-0.23599852230844576,-0.008163295867216666,-0.23268933802257796,20.0,5.0,3.5
C_pitch,-0.0297143462774855,-1.47359697065765,-0.03202331284179089,-1.465515587682581,20.0,5.0,3.5
C_yaw,-0.007400768626324279,-1.4121160877576593,-0.004620023580435456,-1.42184869541827,20.0,5.0,3.5
C_L,0.001394909123779217,0.22446702693282664,0.0017727470074929241,0.22314459433982867,20.0,10.0,3.5
C_D,0.000822930297601961,0.9000147949119827,0.0012680964903256874,0.8984567132374497,20.0,10.0,3.5
C_S,-0.0004522348255860197,-0.26683783184612037,0.0005073571172219578,-0.27019640364594827,20.0,10.0,3.5
C_roll,-0.006017593862748478,-0.01887446259986423,-0.003926719833197417,-0.02619252170329294,20.0,10.0,3.5
C_pitch,-0.026327647902445378,-1.3782617793271998,-0.02819886352814131,-1.3717125246372641,20.0,10.0,3.5
C_yaw,-0.00700553171301068,-1.1329707660453188,-0.0013766598418503517,-1.15267181759438,20.0,10.0,3.5
C_L,0.0012112795629198921,0.21996734989392677,0.0008672626099017116,0.2211714092294904,20.0,15.0,3.5
C_D,0.000615966325746883,0.8923018762857595,0.0005573032851944633,0.892507196927693,20.0,15.0,3.5
C_S,0.0001997474326116797,-0.2392602620395061,0.00011442254246328761,-0.23896162492398673,20.0,15.0,3.5
C_roll,-0.00499078222776653,0.028895433468769254,-0.004743392566227953,0.028029569653384236,20.0,15.0,3.5
C_pitch,-0.025565805268439174,-1.3506065508396388,-0.024146046401188545,-1.355575706875016,20.0,15.0,3.5
C_yaw,-0.0055550218700125345,-1.0686205487885583,-0.0012598767513624478,-1.0836535567038337,20.0,15.0,3.5
C_L,0.0010127079903532515,0.2059399189853433,0.0009460368907715598,0.20617326783387924,20.0,20.0,3.5
C_D,-9.298740810223515e-05,0.8729468762563103,0.0012394947872939135,0.8682831885724237,20.0,20.0,3.5
C_S,-0.00032191108698701034,-0.23503552785407616,0.00046656738202471403,-0.2377952024956172,20.0,20.0,3.5
C_roll,-0.005762035174366443,0.02676067843080055,-0.004005637393774123,0.020613286198727432,20.0,20.0,3.5
C_pitch,-0.02323616087293188,-1.2804124532459413,-0.02545984996331802,-1.2726295414295898,20.0,20.0,3.5
C_yaw,-0.005797247668255172,-1.0412353553754083,-0.00119656819644796,-1.0573377335267338,20.0,20.0,3.5
C_L,0.0010283898207619853,0.20359049200178994,0.0011625812863896882,0.203120821872093,20.0,25.0,3.5
C_D,0.000663688082070255,0.8612538556867498,0.0020083883591947797,0.856547404716814,20.0,25.0,3.5
C_S,-0.0002560756456853897,-0.22848749978495841,4.565268938433702e-05,-0.22954354895770246,20.0,25.0,3.5
C_roll,-0.005425340419159611,0.03977435210864154,-0.004353193948623364,0.03602183946176467,20.0,25.0,3.5
C_pitch,-0.024367245020493228,-1.262995038441987,-0.026444220109439726,-1.2557256256306744,20.0,25.0,3.5
C_yaw,-0.006129273191701275,-1.0177967237998313,-0.0026197803213160774,-1.0300799488461794,20.0,25.0,3.5
